gene	coefficient	model
LCP1	-0.251826709900154	lambda.min
GBP4	0.187697916846015	lambda.min
MET	0.164492409041194	lambda.min
SNAPC4	-0.162120160860711	lambda.min
TGFBI	0.161713161855455	lambda.min
SLC25A11	-0.155789113671891	lambda.min
RFC4	0.145372737993706	lambda.min
IDO1	0.141631533033152	lambda.min
NMUR1	-0.12725664132606	lambda.min
NDUFA7	-0.09342948500982	lambda.min
INHBA	0.0734288795462761	lambda.min
IL15RA	0.0497879725958118	lambda.min
